{
  "id": "q9xMr5y9IJ",
  "code": "20100",
  "code2": "3020101,3020102",
  "category": {
    "id": "aEKpffW0Sr",
    "name": "WHOPPERS"
  },
  "name": "WHOPPER®",
  "slug": "whopper",
  "description": "El WHOPPER® siempre será nuestro número uno. Jugosa carne de vacuno de estupenda calidad a la parrilla, tomate y lechuga fresca traídos de la huerta murciana, suave cebolla y sabroso pepinillo acompañado de mayonesa y kétchup. No olvides el esponjoso pan de semillas, que hacen en su conjunto una hamburguesa de sabor único y que reconocerías con los ojos cerrados.",
  "position": 1,
  "priceDefault": 13900,
  "taxDefault": 8,
  "price": null,
  "image": {
    "__type": "File",
    "name": "ddebf261174a2f9949627e25a7f44d55_image.png",
    "url": "https://d2o9mtzur4lbq2.cloudfront.net/ddebf261174a2f9949627e25a7f44d55_image.png"
  },
  "imageWidth": 1500,
  "imageHeight": 800,
  "tags": [
    "WHOPPER"
  ],
  "createdAt": {
    "__type": "Date",
    "iso": "2017-03-13T20:41:56.919Z"
  },
  "updatedAt": {
    "__type": "Date",
    "iso": "2017-07-26T19:20:10.267Z"
  },
  "modifiers": [],
  "modifiersGroups": [
    {
      "id": "wl05FHMpZF",
      "name": "Adicciones",
      "position": -1,
      "modifiers": [
        {
          "id": "LlpnE7eT9V",
          "name": "Queso",
          "position": 0,
          "selectUnique": true,
          "required": false,
          "image": {
            "__type": "File",
            "name": "08db5f94cb5dbe22d0eb66c0be530f76_image.jpeg",
            "url": "https://d2o9mtzur4lbq2.cloudfront.net/08db5f94cb5dbe22d0eb66c0be530f76_image.jpeg"
          },
          "status": true,
          "items": [
            {
              "id": "uyzhD1Ul91",
              "name": "Si",
              "code": "9007200",
              "price": 2500,
              "position": -1,
              "selectedByDefault": false,
              "status": true
            }
          ]
        },
        {
          "id": "q5t9Vgt1eG",
          "name": "Tocino",
          "position": 1,
          "selectUnique": true,
          "required": false,
          "image": {
            "__type": "File",
            "name": "1a3cd67652ba4c0177f29bc10efb4dc7_image.png",
            "url": "https://d2o9mtzur4lbq2.cloudfront.net/1a3cd67652ba4c0177f29bc10efb4dc7_image.png"
          },
          "status": true,
          "items": [
            {
              "id": "bX9MwKpKiF",
              "name": "Si",
              "code": "9095400",
              "price": 3600,
              "position": -1,
              "selectedByDefault": false,
              "status": true
            }
          ]
        }
      ],
      "status": true
    },
    {
      "id": "hQBxCyaz73",
      "name": "Incluidos",
      "position": -1,
      "modifiers": [
        {
          "id": "l8LNfRGADz",
          "name": "Lechuga",
          "position": 0,
          "selectUnique": false,
          "required": true,
          "status": true,
          "items": [
            {
              "id": "hA4ySTYlFj",
              "name": "Sin",
              "code": "9005100",
              "price": 0,
              "position": 0,
              "selectedByDefault": false,
              "status": true
            },
            {
              "id": "wjm48KkIWG",
              "name": "Extra",
              "code": "9005200",
              "price": 0,
              "position": 1,
              "selectedByDefault": false,
              "status": true
            }
          ]
        },
        {
          "id": "F6rxu9yN2v",
          "name": "Tomate",
          "position": 1,
          "selectUnique": true,
          "required": true,
          "status": true,
          "items": [
            {
              "id": "Xf0UJkjnIX",
              "name": "Sin",
              "code": "9012100",
              "price": 0,
              "position": -1,
              "selectedByDefault": false,
              "status": true
            },
            {
              "id": "SOWdEdJYNb",
              "name": "Extra",
              "code": "9012200",
              "price": 0,
              "position": -1,
              "selectedByDefault": false,
              "status": true
            }
          ]
        },
        {
          "id": "BobCOtUBTa",
          "name": "Cebolla",
          "position": 2,
          "selectUnique": true,
          "required": true,
          "image": {
            "__type": "File",
            "name": "a016b4e0e64898aec11013f09662cf22_image.jpeg",
            "url": "https://d2o9mtzur4lbq2.cloudfront.net/a016b4e0e64898aec11013f09662cf22_image.jpeg"
          },
          "status": true,
          "items": [
            {
              "id": "JibtdDsbZq",
              "name": "Sin",
              "code": "9010100",
              "price": 0,
              "position": -1,
              "selectedByDefault": false,
              "status": true
            },
            {
              "id": "0ivvEqyKQj",
              "name": "Extra",
              "code": "9010200",
              "price": 0,
              "position": -1,
              "selectedByDefault": false,
              "status": true
            }
          ]
        },
        {
          "id": "RHW78mRqIa",
          "name": "Pepinillos",
          "position": 3,
          "selectUnique": true,
          "required": true,
          "status": true,
          "items": [
            {
              "id": "TIcbPN6FML",
              "name": "Sin",
              "code": "9004100",
              "price": 0,
              "position": -1,
              "selectedByDefault": false,
              "status": true
            },
            {
              "id": "9FRPWDKzYd",
              "name": "Extra",
              "code": "9004200",
              "price": 0,
              "position": -1,
              "selectedByDefault": false,
              "status": true
            }
          ]
        },
        {
          "id": "XquRXaOeLi",
          "name": "Mayonesa",
          "position": 4,
          "selectUnique": true,
          "required": true,
          "status": true,
          "items": [
            {
              "id": "P5DgzKSkId",
              "name": "Sin",
              "code": "9011100",
              "price": 0,
              "position": -1,
              "selectedByDefault": false,
              "status": true
            },
            {
              "id": "rbl1MAisdL",
              "name": "Extra",
              "code": "9011200",
              "price": 0,
              "position": -1,
              "selectedByDefault": false,
              "status": true
            }
          ]
        },
        {
          "id": "cANoJUrvku",
          "name": "Ketchup",
          "position": 5,
          "selectUnique": true,
          "required": true,
          "status": true,
          "items": [
            {
              "id": "zJ2te4jAWA",
              "name": "Sin",
              "code": "9003100",
              "price": 0,
              "position": -1,
              "selectedByDefault": false,
              "status": true
            },
            {
              "id": "2bm70FSxJR",
              "name": "Extra",
              "code": "9003200",
              "price": 0,
              "position": -1,
              "selectedByDefault": false,
              "status": true
            }
          ]
        }
      ],
      "status": true
    }
  ],
  "valuesMeals": [
    {
      "code": "3020101",
      "name": "COMBO MEDIANO",
      "price": 17500,
      "items": [
        {
          "code": "1",
          "name": "Acompañantes",
          "items": [
            {
              "code": "50002",
              "price": 0,
              "product": {
                "id": "YPoRXJDH9z",
                "name": "PAPAS MEDIANAS",
                "slug": "papas-medianas",
                "position": 8
              }
            }
          ]
        },
        {
          "code": "3",
          "name": "Bebidas",
          "items": [
            {
              "code": "1079170",
              "price": 0,
              "product": {
                "id": "mpwJtBbfvv",
                "name": "7UP 600 ML",
                "slug": "7up-600-ml",
                "image": {
                  "__type": "File",
                  "name": "4a60d66ea8a02109d1643d37944e1e46_image.png",
                  "url": "https://d2o9mtzur4lbq2.cloudfront.net/4a60d66ea8a02109d1643d37944e1e46_image.png"
                },
                "position": 1
              }
            }
          ]
        }
      ]
    },
    {
      "code": "3020102",
      "name": "COMBO GRANDE",
      "price": 20600,
      "items": [
        {
          "code": "9",
          "name": "Acompañantes",
          "items": [
            {
              "code": "50003",
              "price": 0,
              "product": {
                "id": "rzScyiIpyF",
                "name": "PAPAS GRANDES",
                "slug": "papas-grandes",
                "image": {
                  "__type": "File",
                  "name": "2bb9836d32d50ef091321734c9a6d3d4_image.png",
                  "url": "https://d2o9mtzur4lbq2.cloudfront.net/2bb9836d32d50ef091321734c9a6d3d4_image.png"
                },
                "position": 0
              }
            },
            {
              "code": "50302",
              "price": 1000,
              "product": {
                "id": "1JU3pKCx7N",
                "name": "CHEESY TOTS X 12",
                "slug": "cheesy-tots-x-12",
                "image": {
                  "__type": "File",
                  "name": "c235f1b1722c0b6032787d5164c5064e_image.png",
                  "url": "https://d2o9mtzur4lbq2.cloudfront.net/c235f1b1722c0b6032787d5164c5064e_image.png"
                },
                "position": 1
              }
            },
            {
              "code": "50103",
              "price": 0,
              "product": {
                "id": "begoXGjI96",
                "name": "AROS DE CEBOLLA GRANDES",
                "slug": "aros-de-cebolla-grandes",
                "image": {
                  "__type": "File",
                  "name": "90e5db39788e4ee56597976e5610f7f7_image.png",
                  "url": "https://d2o9mtzur4lbq2.cloudfront.net/90e5db39788e4ee56597976e5610f7f7_image.png"
                },
                "position": 2
              }
            }
          ]
        },
        {
          "code": "2",
          "name": "Bebidas",
          "items": [
            {
              "code": "1079105",
              "price": 0,
              "product": {
                "id": "oAbMABcjox",
                "name": "PEPSI 600 ML",
                "slug": "pepsi-600-ml",
                "image": {
                  "__type": "File",
                  "name": "3332b15277dfc5a9d4f7dbdfd92312fc_image.png",
                  "url": "https://d2o9mtzur4lbq2.cloudfront.net/3332b15277dfc5a9d4f7dbdfd92312fc_image.png"
                },
                "position": 1
              }
            },
            {
              "code": "1079110",
              "price": 0,
              "product": {
                "id": "gobCkb1xav",
                "name": "PEPSI LIGHT 500 ML",
                "slug": "pepsi-light-500-ml",
                "image": {
                  "__type": "File",
                  "name": "5ef860a24e414441b509a27d909a043f_image.png",
                  "url": "https://d2o9mtzur4lbq2.cloudfront.net/5ef860a24e414441b509a27d909a043f_image.png"
                },
                "position": 1
              }
            }
          ]
        }
      ]
    }
  ],
  "requiredCombo": false,
  "status": true,
  "purchase": {
    "modifiersGroups": {
      "Adicciones": {
        "Queso": "off",
        "Tocino": "off"
      },
      "Incluidos": {
        "Lechuga": "off",
        "Tomate": "off",
        "Cebolla": "off",
        "Pepinillos": "off",
        "Mayonesa": "off",
        "Ketchup": "off"
      }
    },
    "valuesMeals": {
      "COMBO MEDIANO": {
        "3020101": "off"
      },
      "COMBO GRANDE": {
        "3020102": "off"
      }
    }
  },
  "cartId": "w3o18u26pV",
  "pointsale": "eL3yHtNyQG"
}